Date,Close,Volume,ticker,category_raw,rolling_vol20,illiquid_flag,broad_cat,detailed_sector
2024-06-10 00:00:00-04:00,485.89727783203125,3465200,VOO,Large Blend,3465200.0,False,Equity,U.S. Large‐Cap Blend
2024-06-11 00:00:00-04:00,487.0024719238281,4028400,VOO,Large Blend,3746800.0,False,Equity,U.S. Large‐Cap Blend
2024-06-12 00:00:00-04:00,491.05810546875,3698800,VOO,Large Blend,3730800.0,False,Equity,U.S. Large‐Cap Blend
2024-06-13 00:00:00-04:00,491.9856872558594,8808900,VOO,Large Blend,5000325.0,False,Equity,U.S. Large‐Cap Blend
2024-06-14 00:00:00-04:00,492.3804016113281,5812000,VOO,Large Blend,5162660.0,False,Equity,U.S. Large‐Cap Blend
2024-06-17 00:00:00-04:00,496.2879943847656,4609500,VOO,Large Blend,5070466.666666667,False,Equity,U.S. Large‐Cap Blend
2024-06-18 00:00:00-04:00,497.61029052734375,3431700,VOO,Large Blend,4836357.142857143,False,Equity,U.S. Large‐Cap Blend
2024-06-20 00:00:00-04:00,496.2287902832031,4810900,VOO,Large Blend,4833175.0,False,Equity,U.S. Large‐Cap Blend
2024-06-21 00:00:00-04:00,495.1433410644531,4347800,VOO,Large Blend,4779244.444444444,False,Equity,U.S. Large‐Cap Blend
2024-06-24 00:00:00-04:00,493.8111877441406,7022800,VOO,Large Blend,5003600.0,False,Equity,U.S. Large‐Cap Blend
2024-06-25 00:00:00-04:00,495.86370849609375,6336700,VOO,Large Blend,5124790.909090909,False,Equity,U.S. Large‐Cap Blend
2024-06-26 00:00:00-04:00,496.4162902832031,3202700,VOO,Large Blend,4964616.666666667,False,Equity,U.S. Large‐Cap Blend
2024-06-27 00:00:00-04:00,497.18597412109375,3619700,VOO,Large Blend,4861161.538461538,False,Equity,U.S. Large‐Cap Blend
2024-06-28 00:00:00-04:00,495.268798828125,5598600,VOO,Large Blend,4913835.714285715,False,Equity,U.S. Large‐Cap Blend
2024-07-01 00:00:00-04:00,496.4076232910156,4368500,VOO,Large Blend,4877480.0,False,Equity,U.S. Large‐Cap Blend
2024-07-02 00:00:00-04:00,499.62603759765625,4210100,VOO,Large Blend,4835768.75,False,Equity,U.S. Large‐Cap Blend
2024-07-03 00:00:00-04:00,501.8838806152344,2131100,VOO,Large Blend,4676670.588235294,False,Equity,U.S. Large‐Cap Blend
2024-07-05 00:00:00-04:00,504.8843994140625,3156900,VOO,Large Blend,4592238.888888889,False,Equity,U.S. Large‐Cap Blend
2024-07-08 00:00:00-04:00,505.3696594238281,3143400,VOO,Large Blend,4515984.2105263155,False,Equity,U.S. Large‐Cap Blend
2024-07-09 00:00:00-04:00,505.9242248535156,3140600,VOO,Large Blend,4447215.0,False,Equity,U.S. Large‐Cap Blend
2024-07-10 00:00:00-04:00,510.7963562011719,3446900,VOO,Large Blend,4446300.0,False,Equity,U.S. Large‐Cap Blend
2024-07-11 00:00:00-04:00,506.41937255859375,5537800,VOO,Large Blend,4521770.0,False,Equity,U.S. Large‐Cap Blend
2024-07-12 00:00:00-04:00,509.54864501953125,5238200,VOO,Large Blend,4598740.0,False,Equity,U.S. Large‐Cap Blend
2024-07-15 00:00:00-04:00,511.0934753417969,7771500,VOO,Large Blend,4546870.0,False,Equity,U.S. Large‐Cap Blend
2024-07-16 00:00:00-04:00,513.9949951171875,4164300,VOO,Large Blend,4464485.0,False,Equity,U.S. Large‐Cap Blend
2024-07-17 00:00:00-04:00,506.81549072265625,4984300,VOO,Large Blend,4483225.0,False,Equity,U.S. Large‐Cap Blend
2024-07-18 00:00:00-04:00,503.00286865234375,5055900,VOO,Large Blend,4564435.0,False,Equity,U.S. Large‐Cap Blend
2024-07-19 00:00:00-04:00,499.6458435058594,4039400,VOO,Large Blend,4525860.0,False,Equity,U.S. Large‐Cap Blend
2024-07-22 00:00:00-04:00,504.83489990234375,4342900,VOO,Large Blend,4525615.0,False,Equity,U.S. Large‐Cap Blend
2024-07-23 00:00:00-04:00,503.9931945800781,3116000,VOO,Large Blend,4330275.0,False,Equity,U.S. Large‐Cap Blend
2024-07-24 00:00:00-04:00,492.4564208984375,6157400,VOO,Large Blend,4321310.0,False,Equity,U.S. Large‐Cap Blend
2024-07-25 00:00:00-04:00,489.9707946777344,5646600,VOO,Large Blend,4443505.0,False,Equity,U.S. Large‐Cap Blend
2024-07-26 00:00:00-04:00,495.4668273925781,3636000,VOO,Large Blend,4444320.0,False,Equity,U.S. Large‐Cap Blend
2024-07-29 00:00:00-04:00,495.8332824707031,3096200,VOO,Large Blend,4319200.0,False,Equity,U.S. Large‐Cap Blend
2024-07-30 00:00:00-04:00,493.2386779785156,3817800,VOO,Large Blend,4291665.0,False,Equity,U.S. Large‐Cap Blend
2024-07-31 00:00:00-04:00,501.0124206542969,5367600,VOO,Large Blend,4349540.0,False,Equity,U.S. Large‐Cap Blend
2024-08-01 00:00:00-04:00,494.17950439453125,6939200,VOO,Large Blend,4589945.0,False,Equity,U.S. Large‐Cap Blend
2024-08-02 00:00:00-04:00,485.14813232421875,8561200,VOO,Large Blend,4860160.0,False,Equity,U.S. Large‐Cap Blend
2024-08-05 00:00:00-04:00,470.58111572265625,15244300,VOO,Large Blend,5465205.0,False,Equity,U.S. Large‐Cap Blend
2024-08-06 00:00:00-04:00,475.2750549316406,8255000,VOO,Large Blend,5720925.0,False,Equity,U.S. Large‐Cap Blend
2024-08-07 00:00:00-04:00,471.9774169921875,5976400,VOO,Large Blend,5847400.0,False,Equity,U.S. Large‐Cap Blend
2024-08-08 00:00:00-04:00,482.98931884765625,4177200,VOO,Large Blend,5779370.0,False,Equity,U.S. Large‐Cap Blend
2024-08-09 00:00:00-04:00,485.05902099609375,7661300,VOO,Large Blend,5900525.0,False,Equity,U.S. Large‐Cap Blend
2024-08-12 00:00:00-04:00,485.3066101074219,3578100,VOO,Large Blend,5690855.0,False,Equity,U.S. Large‐Cap Blend
2024-08-13 00:00:00-04:00,493.3674621582031,3247900,VOO,Large Blend,5645035.0,False,Equity,U.S. Large‐Cap Blend
2024-08-14 00:00:00-04:00,494.9419860839844,3700500,VOO,Large Blend,5580845.0,False,Equity,U.S. Large‐Cap Blend
2024-08-15 00:00:00-04:00,503.4386291503906,4279000,VOO,Large Blend,5542000.0,False,Equity,U.S. Large‐Cap Blend
2024-08-16 00:00:00-04:00,504.49822998046875,3449300,VOO,Large Blend,5512495.0,False,Equity,U.S. Large‐Cap Blend
2024-08-19 00:00:00-04:00,509.3505859375,3804300,VOO,Large Blend,5485565.0,False,Equity,U.S. Large‐Cap Blend
2024-08-20 00:00:00-04:00,508.50885009765625,3156000,VOO,Large Blend,5487565.0,False,Equity,U.S. Large‐Cap Blend
2024-08-21 00:00:00-04:00,510.29132080078125,3344100,VOO,Large Blend,5346900.0,False,Equity,U.S. Large‐Cap Blend
2024-08-22 00:00:00-04:00,506.1618957519531,3677100,VOO,Large Blend,5248425.0,False,Equity,U.S. Large‐Cap Blend
2024-08-23 00:00:00-04:00,511.6380920410156,5102800,VOO,Large Blend,5321765.0,False,Equity,U.S. Large‐Cap Blend
2024-08-26 00:00:00-04:00,510.3804931640625,3398600,VOO,Large Blend,5336885.0,False,Equity,U.S. Large‐Cap Blend
2024-08-27 00:00:00-04:00,511.06378173828125,3031800,VOO,Large Blend,5297585.0,False,Equity,U.S. Large‐Cap Blend
2024-08-28 00:00:00-04:00,508.1424560546875,3940400,VOO,Large Blend,5226225.0,False,Equity,U.S. Large‐Cap Blend
2024-08-29 00:00:00-04:00,508.2216796875,3487100,VOO,Large Blend,5053620.0,False,Equity,U.S. Large‐Cap Blend
2024-08-30 00:00:00-04:00,513.0046997070312,5637700,VOO,Large Blend,4907445.0,False,Equity,U.S. Large‐Cap Blend
2024-09-03 00:00:00-04:00,502.6265869140625,5866400,VOO,Large Blend,4438550.0,False,Equity,U.S. Large‐Cap Blend
2024-09-04 00:00:00-04:00,501.37884521484375,3601400,VOO,Large Blend,4205870.0,False,Equity,U.S. Large‐Cap Blend
2024-09-05 00:00:00-04:00,500.1409606933594,3425600,VOO,Large Blend,4078330.0,False,Equity,U.S. Large‐Cap Blend
2024-09-06 00:00:00-04:00,491.812744140625,7411400,VOO,Large Blend,4240040.0,False,Equity,U.S. Large‐Cap Blend
2024-09-09 00:00:00-04:00,497.348388671875,3656800,VOO,Large Blend,4039815.0,False,Equity,U.S. Large‐Cap Blend
2024-09-10 00:00:00-04:00,499.39825439453125,2975400,VOO,Large Blend,4009680.0,False,Equity,U.S. Large‐Cap Blend
2024-09-11 00:00:00-04:00,504.50811767578125,5956900,VOO,Large Blend,4145130.0,False,Equity,U.S. Large‐Cap Blend
2024-09-12 00:00:00-04:00,508.8455505371094,4099500,VOO,Large Blend,4165080.0,False,Equity,U.S. Large‐Cap Blend
2024-09-13 00:00:00-04:00,511.5490417480469,4416600,VOO,Large Blend,4171960.0,False,Equity,U.S. Large‐Cap Blend
2024-09-16 00:00:00-04:00,512.3214111328125,4256300,VOO,Large Blend,4212310.0,False,Equity,U.S. Large‐Cap Blend
2024-09-17 00:00:00-04:00,512.55908203125,8150000,VOO,Large Blend,4429595.0,False,Equity,U.S. Large‐Cap Blend
2024-09-18 00:00:00-04:00,510.8953857421875,6921300,VOO,Large Blend,4617860.0,False,Equity,U.S. Large‐Cap Blend
2024-09-19 00:00:00-04:00,519.8079833984375,5558400,VOO,Large Blend,4728575.0,False,Equity,U.S. Large‐Cap Blend
2024-09-20 00:00:00-04:00,518.7879028320312,5612700,VOO,Large Blend,4825355.0,False,Equity,U.S. Large‐Cap Blend
2024-09-23 00:00:00-04:00,520.0654296875,29289200,VOO,Large Blend,6034675.0,False,Equity,U.S. Large‐Cap Blend
2024-09-24 00:00:00-04:00,521.5607299804688,4650600,VOO,Large Blend,6097275.0,False,Equity,U.S. Large‐Cap Blend
2024-09-25 00:00:00-04:00,520.5010986328125,35418000,VOO,Large Blend,7716585.0,False,Equity,U.S. Large‐Cap Blend
2024-09-26 00:00:00-04:00,522.5708618164062,5273900,VOO,Large Blend,7783260.0,False,Equity,U.S. Large‐Cap Blend
2024-09-27 00:00:00-04:00,521.8943481445312,5598600,VOO,Large Blend,7888835.0,False,Equity,U.S. Large‐Cap Blend
2024-09-30 00:00:00-04:00,524.1691284179688,8013000,VOO,Large Blend,8007600.0,False,Equity,U.S. Large‐Cap Blend
2024-10-01 00:00:00-04:00,519.2718505859375,9198700,VOO,Large Blend,8174215.0,False,Equity,U.S. Large‐Cap Blend
2024-10-02 00:00:00-04:00,519.3612670898438,3270600,VOO,Large Blend,8157675.0,False,Equity,U.S. Large‐Cap Blend
2024-10-03 00:00:00-04:00,518.3778686523438,4008000,VOO,Large Blend,8186795.0,False,Equity,U.S. Large‐Cap Blend
2024-10-04 00:00:00-04:00,523.1559448242188,5354400,VOO,Large Blend,8083945.0,False,Equity,U.S. Large‐Cap Blend
2024-10-07 00:00:00-04:00,518.4473266601562,3970500,VOO,Large Blend,8099630.0,False,Equity,U.S. Large‐Cap Blend
2024-10-08 00:00:00-04:00,523.3545532226562,2626700,VOO,Large Blend,8082195.0,False,Equity,U.S. Large‐Cap Blend
2024-10-09 00:00:00-04:00,526.9307250976562,2941800,VOO,Large Blend,7931440.0,False,Equity,U.S. Large‐Cap Blend
2024-10-10 00:00:00-04:00,526.046630859375,3637600,VOO,Large Blend,7908345.0,False,Equity,U.S. Large‐Cap Blend
2024-10-11 00:00:00-04:00,529.1757202148438,5429200,VOO,Large Blend,7958975.0,False,Equity,U.S. Large‐Cap Blend
2024-10-14 00:00:00-04:00,533.5067749023438,2638900,VOO,Large Blend,7878105.0,False,Equity,U.S. Large‐Cap Blend
2024-10-15 00:00:00-04:00,529.4439086914062,4811300,VOO,Large Blend,7711170.0,False,Equity,U.S. Large‐Cap Blend
2024-10-16 00:00:00-04:00,531.6690673828125,3237200,VOO,Large Blend,7526965.0,False,Equity,U.S. Large‐Cap Blend
2024-10-17 00:00:00-04:00,531.74853515625,3225300,VOO,Large Blend,7410310.0,False,Equity,U.S. Large‐Cap Blend
2024-10-18 00:00:00-04:00,533.7948608398438,5070400,VOO,Large Blend,7383195.0,False,Equity,U.S. Large‐Cap Blend
2024-10-21 00:00:00-04:00,532.9703979492188,3671400,VOO,Large Blend,6102305.0,False,Equity,U.S. Large‐Cap Blend
2024-10-22 00:00:00-04:00,532.6028442382812,3366600,VOO,Large Blend,6038105.0,False,Equity,U.S. Large‐Cap Blend
2024-10-23 00:00:00-04:00,527.7453002929688,5227800,VOO,Large Blend,4528595.0,False,Equity,U.S. Large‐Cap Blend
2024-10-24 00:00:00-04:00,528.937255859375,4477800,VOO,Large Blend,4488790.0,False,Equity,U.S. Large‐Cap Blend
2024-10-25 00:00:00-04:00,528.7286987304688,4327200,VOO,Large Blend,4425220.0,False,Equity,U.S. Large‐Cap Blend
2024-10-28 00:00:00-04:00,530.377685546875,3408000,VOO,Large Blend,4194970.0,False,Equity,U.S. Large‐Cap Blend
2024-10-29 00:00:00-04:00,531.2220458984375,3027600,VOO,Large Blend,3886415.0,False,Equity,U.S. Large‐Cap Blend
2024-10-30 00:00:00-04:00,529.6226806640625,3067000,VOO,Large Blend,3876235.0,False,Equity,U.S. Large‐Cap Blend
2024-10-31 00:00:00-04:00,519.2023315429688,7972800,VOO,Large Blend,4074475.0,False,Equity,U.S. Large‐Cap Blend
2024-11-01 00:00:00-04:00,521.457275390625,6106900,VOO,Large Blend,4112100.0,False,Equity,U.S. Large‐Cap Blend
2024-11-04 00:00:00-05:00,520.3248291015625,3681500,VOO,Large Blend,4097650.0,False,Equity,U.S. Large‐Cap Blend
2024-11-05 00:00:00-05:00,526.5830078125,3300300,VOO,Large Blend,4131330.0,False,Equity,U.S. Large‐Cap Blend
2024-11-06 00:00:00-05:00,539.6954345703125,7483300,VOO,Large Blend,4358405.0,False,Equity,U.S. Large‐Cap Blend
2024-11-07 00:00:00-05:00,543.8973999023438,6051300,VOO,Large Blend,4479090.0,False,Equity,U.S. Large‐Cap Blend
2024-11-08 00:00:00-05:00,546.3013916015625,6798000,VOO,Large Blend,4547530.0,False,Equity,U.S. Large‐Cap Blend
2024-11-11 00:00:00-05:00,546.7483520507812,4893100,VOO,Large Blend,4660240.0,False,Equity,U.S. Large‐Cap Blend
2024-11-12 00:00:00-05:00,545.1092529296875,4818600,VOO,Large Blend,4660605.0,False,Equity,U.S. Large‐Cap Blend
2024-11-13 00:00:00-05:00,545.3875122070312,3701600,VOO,Large Blend,4683825.0,False,Equity,U.S. Large‐Cap Blend
2024-11-14 00:00:00-05:00,541.9205322265625,3940300,VOO,Large Blend,4719575.0,False,Equity,U.S. Large‐Cap Blend
2024-11-15 00:00:00-05:00,534.9273071289062,7360100,VOO,Large Blend,4834060.0,False,Equity,U.S. Large‐Cap Blend
2024-11-18 00:00:00-05:00,537.1425170898438,4504200,VOO,Large Blend,4875700.0,False,Equity,U.S. Large‐Cap Blend
2024-11-19 00:00:00-05:00,539.0994873046875,6978400,VOO,Large Blend,5056290.0,False,Equity,U.S. Large‐Cap Blend
2024-11-20 00:00:00-05:00,539.298095703125,3949100,VOO,Large Blend,4992355.0,False,Equity,U.S. Large‐Cap Blend
2024-11-21 00:00:00-05:00,542.0199584960938,4530600,VOO,Large Blend,4994995.0,False,Equity,U.S. Large‐Cap Blend
2024-11-22 00:00:00-05:00,543.8377685546875,5574600,VOO,Large Blend,5057365.0,False,Equity,U.S. Large‐Cap Blend
2024-11-25 00:00:00-05:00,545.5860595703125,4305000,VOO,Large Blend,5102215.0,False,Equity,U.S. Large‐Cap Blend
2024-11-26 00:00:00-05:00,548.6456298828125,4438600,VOO,Large Blend,5172765.0,False,Equity,U.S. Large‐Cap Blend
2024-11-27 00:00:00-05:00,546.8973388671875,3312200,VOO,Large Blend,5185025.0,False,Equity,U.S. Large‐Cap Blend
2024-11-29 00:00:00-05:00,549.7781372070312,3988700,VOO,Large Blend,4985820.0,False,Equity,U.S. Large‐Cap Blend
2024-12-02 00:00:00-05:00,551.3277587890625,5441000,VOO,Large Blend,4952525.0,False,Equity,U.S. Large‐Cap Blend
2024-12-03 00:00:00-05:00,551.4569091796875,4202900,VOO,Large Blend,4978595.0,False,Equity,U.S. Large‐Cap Blend
2024-12-04 00:00:00-05:00,554.9336547851562,5490300,VOO,Large Blend,5088095.0,False,Equity,U.S. Large‐Cap Blend
2024-12-05 00:00:00-05:00,554.0098876953125,3021600,VOO,Large Blend,4865010.0,False,Equity,U.S. Large‐Cap Blend
2024-12-06 00:00:00-05:00,555.1124877929688,5134900,VOO,Large Blend,4819190.0,False,Equity,U.S. Large‐Cap Blend
2024-12-09 00:00:00-05:00,552.2217407226562,4412300,VOO,Large Blend,4699905.0,False,Equity,U.S. Large‐Cap Blend
2024-12-10 00:00:00-05:00,550.6522827148438,4110100,VOO,Large Blend,4660755.0,False,Equity,U.S. Large‐Cap Blend
2024-12-11 00:00:00-05:00,554.8244018554688,3514400,VOO,Large Blend,4595545.0,False,Equity,U.S. Large‐Cap Blend
2024-12-12 00:00:00-05:00,551.9635620117188,4048600,VOO,Large Blend,4612895.0,False,Equity,U.S. Large‐Cap Blend
2024-12-13 00:00:00-05:00,551.9237670898438,4666900,VOO,Large Blend,4649225.0,False,Equity,U.S. Large‐Cap Blend
2024-12-16 00:00:00-05:00,554.0892944335938,22846800,VOO,Large Blend,5423560.0,False,Equity,U.S. Large‐Cap Blend
2024-12-17 00:00:00-05:00,551.7648315429688,6110900,VOO,Large Blend,5503895.0,False,Equity,U.S. Large‐Cap Blend
2024-12-18 00:00:00-05:00,535.5631103515625,24584900,VOO,Large Blend,6384220.0,False,Equity,U.S. Large‐Cap Blend
2024-12-19 00:00:00-05:00,535.3643798828125,16792100,VOO,Large Blend,7026370.0,False,Equity,U.S. Large‐Cap Blend
2024-12-20 00:00:00-05:00,541.4238891601562,9389400,VOO,Large Blend,7269310.0,False,Equity,U.S. Large‐Cap Blend
2024-12-23 00:00:00-05:00,545.2994995117188,7063400,VOO,Large Blend,7343750.0,False,Equity,U.S. Large‐Cap Blend
2024-12-24 00:00:00-05:00,550.9100341796875,3439300,VOO,Large Blend,7300465.0,False,Equity,U.S. Large‐Cap Blend
2024-12-26 00:00:00-05:00,550.9000244140625,4492000,VOO,Large Blend,7303135.0,False,Equity,U.S. Large‐Cap Blend
2024-12-27 00:00:00-05:00,545.1898803710938,7077100,VOO,Large Blend,7491380.0,False,Equity,U.S. Large‐Cap Blend
2024-12-30 00:00:00-05:00,539.120849609375,6505100,VOO,Large Blend,7617200.0,False,Equity,U.S. Large‐Cap Blend
2024-12-31 00:00:00-05:00,536.9484252929688,6040800,VOO,Large Blend,7647190.0,False,Equity,U.S. Large‐Cap Blend
2025-01-02 00:00:00-05:00,535.6030883789062,7142700,VOO,Large Blend,7794180.0,False,Equity,U.S. Large‐Cap Blend
2025-01-03 00:00:00-05:00,542.5191040039062,6416300,VOO,Large Blend,7840480.0,False,Equity,U.S. Large‐Cap Blend
2025-01-06 00:00:00-05:00,545.6781616210938,5983400,VOO,Large Blend,7988570.0,False,Equity,U.S. Large‐Cap Blend
2025-01-07 00:00:00-05:00,539.5394287109375,5383200,VOO,Large Blend,8000985.0,False,Equity,U.S. Large‐Cap Blend
2025-01-08 00:00:00-05:00,540.2669067382812,4317000,VOO,Large Blend,7996220.0,False,Equity,U.S. Large‐Cap Blend
2025-01-10 00:00:00-05:00,532.04541015625,7935200,VOO,Large Blend,8187475.0,False,Equity,U.S. Large‐Cap Blend
2025-01-13 00:00:00-05:00,532.7330322265625,5621000,VOO,Large Blend,8292805.0,False,Equity,U.S. Large‐Cap Blend
2025-01-14 00:00:00-05:00,533.4107055664062,8820000,VOO,Large Blend,8531375.0,False,Equity,U.S. Large‐Cap Blend
2025-01-15 00:00:00-05:00,543.1668701171875,5307300,VOO,Large Blend,8563395.0,False,Equity,U.S. Large‐Cap Blend
2025-01-16 00:00:00-05:00,542.3596801757812,3632800,VOO,Large Blend,7602695.0,False,Equity,U.S. Large‐Cap Blend
2025-01-17 00:00:00-05:00,547.5616455078125,6558700,VOO,Large Blend,7625085.0,False,Equity,U.S. Large‐Cap Blend
2025-01-21 00:00:00-05:00,552.5443725585938,5301700,VOO,Large Blend,6660925.0,False,Equity,U.S. Large‐Cap Blend
2025-01-22 00:00:00-05:00,555.6834716796875,4780000,VOO,Large Blend,6060320.0,False,Equity,U.S. Large‐Cap Blend
2025-01-23 00:00:00-05:00,558.7628173828125,6217900,VOO,Large Blend,5901745.0,False,Equity,U.S. Large‐Cap Blend
2025-01-24 00:00:00-05:00,557.07861328125,3612100,VOO,Large Blend,5729180.0,False,Equity,U.S. Large‐Cap Blend
2025-01-27 00:00:00-05:00,549.3255004882812,7617400,VOO,Large Blend,5938085.0,False,Equity,U.S. Large‐Cap Blend
2025-01-28 00:00:00-05:00,553.9295043945312,4164700,VOO,Large Blend,5921720.0,False,Equity,U.S. Large‐Cap Blend
2025-01-29 00:00:00-05:00,551.4979248046875,4174500,VOO,Large Blend,5776590.0,False,Equity,U.S. Large‐Cap Blend
2025-01-30 00:00:00-05:00,554.3779907226562,4296500,VOO,Large Blend,5666160.0,False,Equity,U.S. Large‐Cap Blend
2025-01-31 00:00:00-05:00,551.4182739257812,6243300,VOO,Large Blend,5676285.0,False,Equity,U.S. Large‐Cap Blend
2025-02-03 00:00:00-05:00,547.80078125,7824000,VOO,Large Blend,5710350.0,False,Equity,U.S. Large‐Cap Blend
2025-02-04 00:00:00-05:00,551.4381713867188,4181400,VOO,Large Blend,5598605.0,False,Equity,U.S. Large‐Cap Blend
2025-02-05 00:00:00-05:00,553.7003173828125,3424200,VOO,Large Blend,5470645.0,False,Equity,U.S. Large‐Cap Blend
2025-02-06 00:00:00-05:00,555.6934204101562,3606300,VOO,Large Blend,5381800.0,False,Equity,U.S. Large‐Cap Blend
2025-02-07 00:00:00-05:00,550.2921752929688,10161600,VOO,Large Blend,5674030.0,False,Equity,U.S. Large‐Cap Blend
2025-02-10 00:00:00-05:00,554.228515625,3517600,VOO,Large Blend,5453150.0,False,Equity,U.S. Large‐Cap Blend
2025-02-11 00:00:00-05:00,554.726806640625,2752900,VOO,Large Blend,5309745.0,False,Equity,U.S. Large‐Cap Blend
2025-02-12 00:00:00-05:00,552.8931274414062,3579500,VOO,Large Blend,5047720.0,False,Equity,U.S. Large‐Cap Blend
2025-02-13 00:00:00-05:00,558.7328491210938,3388500,VOO,Large Blend,4951780.0,False,Equity,U.S. Large‐Cap Blend
2025-02-14 00:00:00-05:00,558.7528076171875,3380600,VOO,Large Blend,4939170.0,False,Equity,U.S. Large‐Cap Blend
2025-02-18 00:00:00-05:00,560.3672485351562,3844900,VOO,Large Blend,4803480.0,False,Equity,U.S. Large‐Cap Blend
2025-02-19 00:00:00-05:00,561.7225341796875,3857600,VOO,Large Blend,4731275.0,False,Equity,U.S. Large‐Cap Blend
2025-02-20 00:00:00-05:00,559.3607177734375,4446800,VOO,Large Blend,4714615.0,False,Equity,U.S. Large‐Cap Blend
2025-02-21 00:00:00-05:00,549.8436889648438,6148700,VOO,Large Blend,4711155.0,False,Equity,U.S. Large‐Cap Blend
2025-02-24 00:00:00-05:00,547.2427368164062,4772300,VOO,Large Blend,4769165.0,False,Equity,U.S. Large‐Cap Blend
2025-02-25 00:00:00-05:00,544.5221557617188,5491500,VOO,Large Blend,4662870.0,False,Equity,U.S. Large‐Cap Blend
2025-02-26 00:00:00-05:00,544.8609619140625,4180800,VOO,Large Blend,4663675.0,False,Equity,U.S. Large‐Cap Blend
2025-02-27 00:00:00-05:00,536.1112670898438,5521400,VOO,Large Blend,4731020.0,False,Equity,U.S. Large‐Cap Blend
2025-02-28 00:00:00-05:00,544.4424438476562,7328100,VOO,Large Blend,4882600.0,False,Equity,U.S. Large‐Cap Blend
2025-03-03 00:00:00-05:00,535.06494140625,7290000,VOO,Large Blend,4934935.0,False,Equity,U.S. Large‐Cap Blend
2025-03-04 00:00:00-05:00,528.6173095703125,10477400,VOO,Large Blend,5067605.0,False,Equity,U.S. Large‐Cap Blend
2025-03-05 00:00:00-05:00,534.5467529296875,6221700,VOO,Large Blend,5169620.0,False,Equity,U.S. Large‐Cap Blend
2025-03-06 00:00:00-05:00,524.850341796875,7228900,VOO,Large Blend,5359855.0,False,Equity,U.S. Large‐Cap Blend
2025-03-07 00:00:00-05:00,527.6805419921875,7308300,VOO,Large Blend,5544955.0,False,Equity,U.S. Large‐Cap Blend
2025-03-10 00:00:00-04:00,513.7289428710938,11176900,VOO,Large Blend,5595720.0,False,Equity,U.S. Large‐Cap Blend
2025-03-11 00:00:00-04:00,509.5135498046875,11208900,VOO,Large Blend,5980285.0,False,Equity,U.S. Large‐Cap Blend
2025-03-12 00:00:00-04:00,511.9849853515625,8590600,VOO,Large Blend,6272170.0,False,Equity,U.S. Large‐Cap Blend
2025-03-13 00:00:00-04:00,505.2981262207031,21650000,VOO,Large Blend,7175695.0,False,Equity,U.S. Large‐Cap Blend
2025-03-14 00:00:00-04:00,515.6721801757812,7412300,VOO,Large Blend,7376885.0,False,Equity,U.S. Large‐Cap Blend
2025-03-17 00:00:00-04:00,519.6085205078125,6269800,VOO,Large Blend,7521345.0,False,Equity,U.S. Large‐Cap Blend
2025-03-18 00:00:00-04:00,514.1275024414062,6010600,VOO,Large Blend,7629630.0,False,Equity,U.S. Large‐Cap Blend
2025-03-19 00:00:00-04:00,519.52880859375,5373900,VOO,Large Blend,7705445.0,False,Equity,U.S. Large‐Cap Blend
2025-03-20 00:00:00-04:00,518.3329467773438,6029700,VOO,Large Blend,7784590.0,False,Equity,U.S. Large‐Cap Blend
2025-03-21 00:00:00-04:00,518.4625244140625,5059000,VOO,Large Blend,7730105.0,False,Equity,U.S. Large‐Cap Blend
2025-03-24 00:00:00-04:00,527.5609741210938,22376300,VOO,Large Blend,8610305.0,False,Equity,U.S. Large‐Cap Blend
2025-03-25 00:00:00-04:00,528.816650390625,6260200,VOO,Large Blend,8648740.0,False,Equity,U.S. Large‐Cap Blend
2025-03-26 00:00:00-04:00,522.6480102539062,4410200,VOO,Large Blend,8660210.0,False,Equity,U.S. Large‐Cap Blend
2025-03-27 00:00:00-04:00,521.2100219726562,5534900,VOO,Large Blend,8660885.0,False,Equity,U.S. Large‐Cap Blend
2025-03-28 00:00:00-04:00,510.79998779296875,5831800,VOO,Large Blend,8586070.0,False,Equity,U.S. Large‐Cap Blend
2025-03-31 00:00:00-04:00,513.9099731445312,8196700,VOO,Large Blend,8631405.0,False,Equity,U.S. Large‐Cap Blend
2025-04-01 00:00:00-04:00,515.7999877929688,7697000,VOO,Large Blend,8492385.0,False,Equity,U.S. Large‐Cap Blend
2025-04-02 00:00:00-04:00,518.9099731445312,6308600,VOO,Large Blend,8496730.0,False,Equity,U.S. Large‐Cap Blend
2025-04-03 00:00:00-04:00,494.1600036621094,16226000,VOO,Large Blend,8946585.0,False,Equity,U.S. Large‐Cap Blend
2025-04-04 00:00:00-04:00,465.5199890136719,30966500,VOO,Large Blend,10129495.0,False,Equity,U.S. Large‐Cap Blend
2025-04-07 00:00:00-04:00,463.55999755859375,31285300,VOO,Large Blend,11134915.0,False,Equity,U.S. Large‐Cap Blend
2025-04-08 00:00:00-04:00,456.739990234375,19002700,VOO,Large Blend,11524605.0,False,Equity,U.S. Large‐Cap Blend
2025-04-09 00:00:00-04:00,499.1000061035156,29286600,VOO,Large Blend,12559405.0,False,Equity,U.S. Large‐Cap Blend
2025-04-10 00:00:00-04:00,482.05999755859375,16651300,VOO,Large Blend,12309470.0,False,Equity,U.S. Large‐Cap Blend
2025-04-11 00:00:00-04:00,490.54998779296875,11541200,VOO,Large Blend,12515915.0,False,Equity,U.S. Large‐Cap Blend
2025-04-14 00:00:00-04:00,495.4800109863281,7701500,VOO,Large Blend,12587500.0,False,Equity,U.S. Large‐Cap Blend
2025-04-15 00:00:00-04:00,494.0899963378906,8200600,VOO,Large Blend,12697000.0,False,Equity,U.S. Large‐Cap Blend
2025-04-16 00:00:00-04:00,483.2300109863281,6374900,VOO,Large Blend,12747050.0,False,Equity,U.S. Large‐Cap Blend
2025-04-17 00:00:00-04:00,483.8999938964844,5638900,VOO,Large Blend,12727510.0,False,Equity,U.S. Large‐Cap Blend
2025-04-21 00:00:00-04:00,472.3699951171875,7762500,VOO,Large Blend,12862685.0,False,Equity,U.S. Large‐Cap Blend
2025-04-22 00:00:00-04:00,484.2900085449219,6236300,VOO,Large Blend,12055685.0,False,Equity,U.S. Large‐Cap Blend
2025-04-23 00:00:00-04:00,492.07000732421875,8047600,VOO,Large Blend,12145055.0,False,Equity,U.S. Large‐Cap Blend
2025-04-24 00:00:00-04:00,502.4100036621094,6184300,VOO,Large Blend,12233760.0,False,Equity,U.S. Large‐Cap Blend
2025-04-25 00:00:00-04:00,506.1099853515625,6933400,VOO,Large Blend,12303685.0,False,Equity,U.S. Large‐Cap Blend
2025-04-28 00:00:00-04:00,506.4200134277344,4210000,VOO,Large Blend,12222595.0,False,Equity,U.S. Large‐Cap Blend
2025-04-29 00:00:00-04:00,509.489990234375,6525500,VOO,Large Blend,12139035.0,False,Equity,U.S. Large‐Cap Blend
2025-04-30 00:00:00-04:00,509.739990234375,7873700,VOO,Large Blend,12147870.0,False,Equity,U.S. Large‐Cap Blend
2025-05-01 00:00:00-04:00,513.3499755859375,5784500,VOO,Large Blend,12121665.0,False,Equity,U.S. Large‐Cap Blend
2025-05-02 00:00:00-04:00,520.7100219726562,6285400,VOO,Large Blend,11624635.0,False,Equity,U.S. Large‐Cap Blend
2025-05-05 00:00:00-04:00,517.989990234375,4793500,VOO,Large Blend,10315985.0,False,Equity,U.S. Large‐Cap Blend
2025-05-06 00:00:00-04:00,513.5800170898438,4694300,VOO,Large Blend,8986435.0,False,Equity,U.S. Large‐Cap Blend
2025-05-07 00:00:00-04:00,515.9000244140625,5460000,VOO,Large Blend,8309300.0,False,Equity,U.S. Large‐Cap Blend
2025-05-08 00:00:00-04:00,519.3400268554688,5088200,VOO,Large Blend,7099380.0,False,Equity,U.S. Large‐Cap Blend
2025-05-09 00:00:00-04:00,518.6500244140625,4739500,VOO,Large Blend,6503790.0,False,Equity,U.S. Large‐Cap Blend
2025-05-12 00:00:00-04:00,535.9199829101562,7793600,VOO,Large Blend,6316410.0,False,Equity,U.S. Large‐Cap Blend
2025-05-13 00:00:00-04:00,539.4400024414062,7356800,VOO,Large Blend,6299175.0,False,Equity,U.S. Large‐Cap Blend
2025-05-14 00:00:00-04:00,540.1099853515625,5031300,VOO,Large Blend,6140710.0,False,Equity,U.S. Large‐Cap Blend
2025-05-15 00:00:00-04:00,542.760009765625,7362200,VOO,Large Blend,6190075.0,False,Equity,U.S. Large‐Cap Blend
2025-05-16 00:00:00-04:00,546.260009765625,7255300,VOO,Large Blend,6270895.0,False,Equity,U.S. Large‐Cap Blend
2025-05-19 00:00:00-04:00,546.8200073242188,7766100,VOO,Large Blend,6271075.0,False,Equity,U.S. Large‐Cap Blend
2025-05-20 00:00:00-04:00,544.8800048828125,7158200,VOO,Large Blend,6317170.0,False,Equity,U.S. Large‐Cap Blend
2025-05-21 00:00:00-04:00,535.77001953125,6339500,VOO,Large Blend,6231765.0,False,Equity,U.S. Large‐Cap Blend
2025-05-22 00:00:00-04:00,536.02001953125,5816600,VOO,Large Blend,6213380.0,False,Equity,U.S. Large‐Cap Blend
2025-05-23 00:00:00-04:00,532.4000244140625,6455900,VOO,Large Blend,6189505.0,False,Equity,U.S. Large‐Cap Blend
2025-05-27 00:00:00-04:00,543.3400268554688,6118100,VOO,Large Blend,6284910.0,False,Equity,U.S. Large‐Cap Blend
2025-05-28 00:00:00-04:00,540.239990234375,4910500,VOO,Large Blend,6204160.0,False,Equity,U.S. Large‐Cap Blend
2025-05-29 00:00:00-04:00,542.3200073242188,4668900,VOO,Large Blend,6043920.0,False,Equity,U.S. Large‐Cap Blend
2025-05-30 00:00:00-04:00,541.760009765625,6171500,VOO,Large Blend,6063270.0,False,Equity,U.S. Large‐Cap Blend
2025-06-02 00:00:00-04:00,544.9099731445312,5933500,VOO,Large Blend,6045675.0,False,Equity,U.S. Large‐Cap Blend
2025-06-03 00:00:00-04:00,548.0,4993600,VOO,Large Blend,6055680.0,False,Equity,U.S. Large‐Cap Blend
2025-06-04 00:00:00-04:00,547.6500244140625,4543400,VOO,Large Blend,6048135.0,False,Equity,U.S. Large‐Cap Blend
2025-06-05 00:00:00-04:00,545.0900268554688,6372100,VOO,Large Blend,6093740.0,False,Equity,U.S. Large‐Cap Blend
2025-06-06 00:00:00-04:00,550.6599731445312,4736000,VOO,Large Blend,6076130.0,False,Equity,U.S. Large‐Cap Blend
2025-06-09 00:00:00-04:00,551.25,4500100,VOO,Large Blend,6064160.0,False,Equity,U.S. Large‐Cap Blend
2025-06-10 00:00:00-04:00,552.5999755859375,1148844,VOO,Large Blend,5731922.2,False,Equity,U.S. Large‐Cap Blend
